num,dt,sec,id,imgURL,imgFile,Android_imgFile,episode,priority,sz,typ,p,accx,accy,accz,magx,magy,magz,red,green,blue,lum,tem,g,lat,lon,latitude longitude,locInterpolated,heading,speed,distance,alt,gs,herr,verr,exp,gain,rbal,gbal,bbal,xor,yor,zor,stags,tags,lat_smooth,lon_smooth,lat_lon_smooth,heading_smooth,unity_height
66,2014-05-21T13:12:30+0000,515,B00000065_21I4N2_20140521_131230,https://googledrive.com/host/0ByZPttHNHiZ0dTZrWVA1OVFiWXM/g2_a1_sml_066.jpg,g2_a1_sml_066.jpg,G2_1.jpg,1,1,4014,2,1,0.127,-1.168,0.346,0.106,-0.748,-0.015,65535,65535,65535,65535,21.3,2,-33.98987,151.23178,-33.98987 151.23178,0,308,0.51,3.55,34.8,0.6,17.43,1.99,1,1.31,1.781,1,1,68.714,-80.39,358.42,0,,-33.98964667,151.2330067,-33.9896466667 151.233006667,320,-82.50707
89,2014-05-21T13:15:37+0000,702,B00000088_21I4N2_20140521_131536,https://googledrive.com/host/0ByZPttHNHiZ0dTZrWVA1OVFiWXM/g2_a1_sml_089.jpg,g2_a1_sml_089.jpg,G2_1.jpg,1,1,4014,2,1,0.028,-0.802,0.389,0.064,-0.839,-0.123,43236,59686,53136,65535,42.5,2,-33.98943,151.23128,-33.98943 151.23128,0,215,1.57,10.99,37,1.3,13.98,1.67,1,1.25,1.781,1,1,68.172,-89.75,356.75,0,,-33.98949,151.2313267,-33.98949 151.231326667,215,-85.50893
102,2014-05-21T13:17:11+0000,796,B00000101_21I4N2_20140521_131711,https://googledrive.com/host/0ByZPttHNHiZ0dTZrWVA1OVFiWXM/g2_a1_sml_102.jpg,g2_a1_sml_102.jpg,G2_1.jpg,1,1,4014,2,1,-0.28,-0.972,0.16,0.069,-0.8,-0.043,42826,62461,58267,65535,35.1,2,-33.98904,151.23038,-33.98904 151.23038,0,0,0.45,4.45,36,0.8,17.53,2.06,1,1.25,1.781,1.031,1,64.979,-88.49,5.5624,0,,-33.98907333,151.2303433,-33.9890733333 151.230343333,266,-88.54611
115,2014-05-21T13:18:48+0000,893,B00000114_21I4N2_20140521_131848,https://googledrive.com/host/0ByZPttHNHiZ0dTZrWVA1OVFiWXM/g2_a1_sml_115.jpg,g2_a1_sml_115.jpg,G2_1.jpg,1,1,4014,2,1,-0.058,-1.077,0.335,0.004,-0.728,0.103,65535,65535,65535,65535,35.1,2,-33.98831,151.22974,-33.98831 151.22974,0,121,0.31,2.15,34.9,1.3,14.54,2.13,0,1.31,1.625,1,1.063,74.926,-76.23,321.15,0,,-33.98838,151.2297933,-33.98838 151.229793333,128,-88.54611
131,2014-05-21T13:20:48+0000,1013,B00000130_21I4N2_20140521_132048,https://googledrive.com/host/0ByZPttHNHiZ0dTZrWVA1OVFiWXM/g2_a1_sml_131.jpg,g2_a1_sml_131.jpg,G2_1.jpg,1,1,4014,2,1,0.093,-0.855,0.371,-0.164,-0.773,0.095,65535,65535,65535,65535,36.8,2,-33.98797,151.23023,-33.98797 151.23023,0,346,1,8,35.3,0.9,14.85,2.26,0,1.31,1.719,1,1.031,68.322,-82.39,299.6,0,,-33.98796,151.2302,-33.98796 151.2302,346,-91.61861
148,2014-05-21T13:22:58+0000,1143,B00000147_21I4N2_20140521_132258,https://googledrive.com/host/0ByZPttHNHiZ0dTZrWVA1OVFiWXM/g2_a1_sml_148.jpg,g2_a1_sml_148.jpg,G2_1.jpg,1,1,4014,2,1,-0.089,-0.941,0.382,-0.442,-0.872,-0.25,30433,41465,38645,65535,17.3,2,-33.98784,151.23024,-33.98784 151.23024,0,352,0.96,6.73,28.7,0.2,16.35,2.13,1,1.25,1.75,1.031,1,86.215,-96.68,297.52,0,,-33.98786667,151.2302633,-33.9878666667 151.230263333,124,-94.72642
169,2014-05-21T13:25:50+0000,1315,B00000168_21I4N2_20140521_132549,https://googledrive.com/host/0ByZPttHNHiZ0dTZrWVA1OVFiWXM/g2_a1_sml_169.jpg,g2_a1_sml_169.jpg,G2_1.jpg,1,1,4014,2,1,-0.04,-0.598,-0.792,-0.233,-0.891,-0.515,49049,52517,33081,65535,29.9,2,-33.98778,151.23039,-33.98778 151.23039,0,337,0.34,2.41,24.1,0.2,15.06,2.07,1,1.25,1.469,1,1.375,117.53,-83.64,261.58,0,,-33.98779333,151.2303767,-33.9877933333 151.230376667,312,-96.81791
187,2014-05-21T13:28:05+0000,1450,B00000186_21I4N2_20140521_132805,https://googledrive.com/host/0ByZPttHNHiZ0dTZrWVA1OVFiWXM/g2_a1_sml_187.jpg,g2_a1_sml_187.jpg,G2_1.jpg,1,1,4014,2,1,-0.39,-0.676,0.632,-0.464,-0.794,-0.01,22796,37567,40146,65535,8.6,2,-33.98799,151.23063,-33.98799 151.23063,0,148,0.75,5.24,27.8,1.3,14.31,2.08,1,1.25,2.094,1.125,1,60.292,-85.99,309.37,0,,-33.988,151.23058,-33.988 151.23058,121,-89.56635
203,2014-05-21T13:30:09+0000,1574,B00000202_21I4N2_20140521_133008,https://googledrive.com/host/0ByZPttHNHiZ0dTZrWVA1OVFiWXM/g2_a1_sml_203.jpg,g2_a1_sml_203.jpg,G2_1.jpg,1,1,4014,2,1,0.052,-0.954,0.484,-0.072,-0.696,0.167,65535,65535,65535,65535,32.3,2,-33.98775,151.23169,-33.98775 151.23169,0,222,1.94,13.61,30.6,0.9,30.65,2.13,0,1.25,1.625,1,1.031,69.161,-82.6,327.85,0,,-33.98779,151.23159,-33.98779 151.23159,222,-87.52979
215,2014-05-21T13:31:43+0000,1668,B00000214_21I4N2_20140521_133142,https://googledrive.com/host/0ByZPttHNHiZ0dTZrWVA1OVFiWXM/g2_a1_sml_215.jpg,g2_a1_sml_215.jpg,G2_1.jpg,1,1,4014,2,1,0.051,-0.973,0.277,0.096,-0.79,-0.118,46320,65535,58088,65535,49,2,-33.98767,151.23125,-33.98767 151.23125,0,244,0.64,5.12,22.3,0.7,16.62,2.18,1,1.25,1.469,1,1.313,74.398,-83.26,334.31,0,,-33.98769,151.2312533,-33.98769 151.231253333,244,-95.7702
225,2014-05-21T13:33:04+0000,1749,B00000224_21I4N2_20140521_133303,https://googledrive.com/host/0ByZPttHNHiZ0dTZrWVA1OVFiWXM/g2_a1_sml_225.jpg,g2_a1_sml_225.jpg,G2_1.jpg,1,1,4014,2,1,-0.008,-0.88,-0.596,-0.464,-0.733,-0.657,2881,3149,2171,7257,49,2,-33.98785,151.23115,-33.98785 151.23115,0,105,0.78,8.59,31.9,1.2,14.65,2.5,5,5.75,1.438,1,1.406,130.41,-80.72,278.38,0,,-33.98784333,151.2311767,-33.9878433333 151.231176667,105,-93.68655
239,2014-05-21T13:35:03+0000,1868,B00000238_21I4N2_20140521_133503,https://googledrive.com/host/0ByZPttHNHiZ0dTZrWVA1OVFiWXM/g2_a1_sml_239.jpg,g2_a1_sml_239.jpg,G2_1.jpg,1,1,4014,2,1,-0.124,-0.947,0.36,-0.39,-0.896,-0.218,28698,38731,34038,65535,30.7,2,-33.98781,151.2311,-33.98781 151.23110,0,198,0.65,5.86,27.4,0.7,14.14,2.2,2,1.25,1.969,1.094,1,71.391,-84.95,311.89,0,,-33.98779667,151.23108,-33.9877966667 151.23108,198,-95.7702
254,2014-05-21T13:37:12+0000,1997,B00000253_21I4N2_20140521_133711,https://googledrive.com/host/0ByZPttHNHiZ0dTZrWVA1OVFiWXM/g2_a1_sml_254.jpg,g2_a1_sml_254.jpg,G2_1.jpg,1,1,4014,2,1,-0.126,-0.998,0.398,-0.048,-0.904,-0.255,48321,60352,47210,65535,30.7,2,-33.98796,151.23078,-33.98796 151.23078,0,22,0.34,2.41,22.1,0.5,15.71,2.07,1,1.25,1.406,1,1.469,85.565,-90.96,357.97,0,,-33.98795,151.2307867,-33.98795 151.230786667,39,-92.65062
270,2014-05-21T13:39:18+0000,2123,B00000269_21I4N2_20140521_133917,https://googledrive.com/host/0ByZPttHNHiZ0dTZrWVA1OVFiWXM/g2_a1_sml_270.jpg,g2_a1_sml_270.jpg,G2_1.jpg,1,1,4014,2,1,0.037,-0.907,0.445,-0.236,-0.778,0.078,65535,65535,65535,65535,33.9,2,-33.98758,151.23126,-33.98758 151.23126,0,39,0.62,4.33,27.5,0.8,14.67,2.41,0,1.25,1.594,1,1.125,77.098,-85.95,299.79,0,,-33.98758667,151.23125,-33.9875866667 151.23125,39,-97.86954
288,2014-05-21T13:41:37+0000,2262,B00000287_21I4N2_20140521_134136,https://googledrive.com/host/0ByZPttHNHiZ0dTZrWVA1OVFiWXM/g2_a1_sml_288.jpg,g2_a1_sml_288.jpg,G2_1.jpg,1,1,4014,2,1,0.022,-1.117,0.208,-0.361,-0.846,-0.078,39862,45189,29419,65535,40.7,2,-33.98677,151.23169,-33.98677 151.23169,0,157,0.3,2.41,26.5,0.2,16.56,1.94,1,1.25,1.531,1,1.344,79.89,-84.05,295.63,0,,-33.98676,151.23177,-33.98676 151.23177,110,-94.72642
304,2014-05-21T13:43:44+0000,2389,B00000303_21I4N2_20140521_134344,https://googledrive.com/host/0ByZPttHNHiZ0dTZrWVA1OVFiWXM/g2_a1_sml_304.jpg,g2_a1_sml_304.jpg,G2_1.jpg,1,1,4014,2,1,-0.017,-1.198,-0.051,-0.264,-0.896,-0.435,25796,38793,39047,65535,26.6,2,-33.98768,151.23183,-33.98768 151.23183,0,125,1.75,19.22,29.4,1.1,22.84,2.04,2,1.25,2.031,1.094,1,78.443,-86.99,325.66,0,,-33.98767667,151.2319033,-33.9876766667 151.231903333,125,-87.52979
320,2014-05-21T13:45:55+0000,2520,B00000319_21I4N2_20140521_134555,https://googledrive.com/host/0ByZPttHNHiZ0dTZrWVA1OVFiWXM/g2_a1_sml_320.jpg,g2_a1_sml_320.jpg,G2_1.jpg,1,1,4014,2,1,0.045,-0.937,0.273,-0.424,-0.885,-0.183,29274,42255,39916,65535,17.1,2,-33.98849,151.2325,-33.98849 151.23250,0,84,1.72,12.04,32.3,2.5,20.24,1.78,1,1.25,1.688,1,1.063,77.43,-89.65,354.17,0,,-33.98853,151.23259,-33.98853 151.23259,111,-79.54053
336,2014-05-21T13:47:59+0000,2644,B00000335_21I4N2_20140521_134758,https://googledrive.com/host/0ByZPttHNHiZ0dTZrWVA1OVFiWXM/g2_a1_sml_336.jpg,g2_a1_sml_336.jpg,G2_1.jpg,1,1,4014,2,1,-0.194,-0.896,0.435,-0.418,-0.778,0.048,38135,55553,52458,65535,16.8,2,-33.98889,151.23308,-33.98889 151.23308,0,65,1.89,13.21,37.8,1.6,17.52,1.76,1,1.25,1.938,1.094,1,69.412,-89.7,299.76,0,,-33.98887333,151.2330733,-33.9888733333 151.233073333,61,-80.52545
351,2014-05-21T13:50:01+0000,2766,B00000350_21I4N2_20140521_135001,https://googledrive.com/host/0ByZPttHNHiZ0dTZrWVA1OVFiWXM/g2_a1_sml_351.jpg,g2_a1_sml_351.jpg,G2_1.jpg,1,1,4014,2,1,0.274,-0.604,0.065,-0.079,-0.925,-0.282,24813,37806,37465,65535,16.8,2,-33.98849,151.23391,-33.98849 151.23391,0,269,0.81,6.45,38.5,1.7,11.86,1.99,2,1.25,2.094,1.156,1,67.893,-90.11,355.7,0,,-33.9885,151.2338667,-33.9885 151.233866667,245,-84.50439
363,2014-05-21T13:51:46+0000,2871,B00000362_21I4N2_20140521_135145,https://googledrive.com/host/0ByZPttHNHiZ0dTZrWVA1OVFiWXM/g2_a1_sml_363.jpg,g2_a1_sml_363.jpg,G2_1.jpg,1,1,4014,2,1,0.184,-0.841,0.224,-0.296,-0.933,-0.268,42345,58317,50308,65535,25.9,2,-33.98873,151.23443,-33.98873 151.23443,0,142,1.92,15.32,32.4,1.4,17.35,2.05,1,1.25,1.75,1,1,71.077,-88.28,313.16,0,,-33.98876333,151.23444,-33.9887633333 151.23444,142,-93.68655
371,2014-05-21T13:52:55+0000,2940,B00000370_21I4N2_20140521_135255,https://googledrive.com/host/0ByZPttHNHiZ0dTZrWVA1OVFiWXM/g2_a1_sml_371.jpg,g2_a1_sml_371.jpg,G2_1.jpg,1,1,4014,2,1,0.042,-0.623,0.657,-0.43,-0.907,-0.232,39638,53821,46665,65535,12.6,2,-33.98909,151.23499,-33.98909 151.23499,0,80,0.94,6.55,31.1,1.7,14.08,1.68,1,1.25,1.563,1,1.094,75.136,-91.61,306.07,0,,-33.98908333,151.2349833,-33.9890833333 151.234983333,80,-102.1153
386,2014-05-21T13:54:52+0000,3057,B00000385_21I4N2_20140521_135452,https://googledrive.com/host/0ByZPttHNHiZ0dTZrWVA1OVFiWXM/g2_a1_sml_386.jpg,g2_a1_sml_386.jpg,G2_1.jpg,1,1,4014,2,1,-0.093,-0.878,0.479,-0.507,-0.819,-0.08,28095,34676,31446,65535,39.3,2,-33.9891,151.2358,-33.98910 151.23580,0,277,0.93,8.37,33.4,0.2,13.47,1.95,1,1.25,1.625,1,1,64.466,-97.77,318.09,0,,-33.98909333,151.2357333,-33.9890933333 151.235733333,259,-95.7702
406,2014-05-21T13:57:40+0000,3225,B00000405_21I4N2_20140521_135739,https://googledrive.com/host/0ByZPttHNHiZ0dTZrWVA1OVFiWXM/g2_a1_sml_406.jpg,g2_a1_sml_406.jpg,G2_1.jpg,1,1,4014,2,1,0.026,-0.971,-0.415,-0.045,-0.812,-0.635,65535,65535,48888,65535,27.8,2,-33.98934,151.23578,-33.98934 151.23578,0,0,0.14,1.12,21.3,0.1,12.34,2.04,1,1.25,1.438,1,1.313,112.26,-92.37,39.276,0,,-33.98934,151.2357667,-33.98934 151.235766667,0,-98.9251
421,2014-05-21T13:59:55+0000,3360,B00000420_21I4N2_20140521_135954,https://googledrive.com/host/0ByZPttHNHiZ0dTZrWVA1OVFiWXM/g2_a1_sml_421.jpg,g2_a1_sml_421.jpg,G2_1.jpg,1,1,4014,2,1,-0.125,-0.964,-0.376,-0.524,-0.848,-0.487,65535,63725,37380,65535,21.8,2,-33.9894,151.23564,-33.98940 151.23564,0,0,0,0,29.9,0.9,15.05,2.07,1,1.25,1.344,1,1.625,112.71,-98.02,272.59,0,,-33.98936,151.2356367,-33.98936 151.235636667,352,-102.1153
452,2014-05-21T14:04:09+0000,3614,B00000451_21I4N2_20140521_140409,https://googledrive.com/host/0ByZPttHNHiZ0dTZrWVA1OVFiWXM/g2_a1_sml_452.jpg,g2_a1_sml_452.jpg,G2_1.jpg,1,1,4014,2,1,0.303,-0.971,0.453,-0.096,-0.745,0.14,65535,65535,65535,65535,35.8,2,-33.98917,151.23574,-33.98917 151.23574,0,131,1.35,13.49,30.8,2.4,22.34,2.1,0,1.25,1.563,1,1.094,69.4,-77.31,294.01,0,,-33.98926333,151.2357267,-33.9892633333 151.235726667,180,-98.9251
491,2014-05-21T14:09:14+0000,3919,B00000490_21I4N2_20140521_140913,https://googledrive.com/host/0ByZPttHNHiZ0dTZrWVA1OVFiWXM/g2_a1_sml_491.jpg,g2_a1_sml_491.jpg,G2_1.jpg,1,1,4014,2,1,-0.039,-0.974,0.248,-0.015,-0.901,-0.238,55018,65535,58100,65535,44.5,2,-33.98937,151.2357,-33.98937 151.23570,0,140,0.24,1.45,21.7,0.1,12.29,1.8,1,1.31,1.594,1,1.063,76.763,-93.87,2.8949,0,,-33.98936,151.2357067,-33.98936 151.235706667,140,-101.048
509,2014-05-21T14:11:44+0000,4069,B00000508_21I4N2_20140521_141143,https://googledrive.com/host/0ByZPttHNHiZ0dTZrWVA1OVFiWXM/g2_a1_sml_509.jpg,g2_a1_sml_509.jpg,G2_1.jpg,1,1,4014,2,1,-0.023,-0.232,-1.058,-0.034,-0.454,-0.828,37522,35991,20948,65535,29.6,2,-33.98938,151.23574,-33.98938 151.23574,0,58,0.2,2.15,22.3,1.9,10.8,1.95,1,1.25,1.313,1,1.688,151.13,-92.08,182.47,0,,-33.98940667,151.2357033,-33.9894066667 151.235703333,248,-101.048
56,2013-12-15T08:33:43+0100,561,B00000072_21I558_20131215_083343,https://googledrive.com/host/0ByZPttHNHiZ0RHZZcWROb2JxOGM/g2_a2_sml_056.jpg,g2_a2_sml_056.jpg,G2_2.jpg,2,1,4014,2,1,0.033,-0.475,-0.316,0.112,-0.275,-0.307,65535,65535,45508,65535,25.7,2,-33.98907,151.23433,-33.98907 151.23433,0,238,1.2,10.77,29.3,1.6,13.84,1.81,1,1.25,1.594,1,1.508,108.27,-93.37,30.666,0,,-33.98917333,151.23474,-33.9891733333 151.23474,238,-103.1866
96,2013-12-15T08:40:38+0100,976,B00000112_21I558_20131215_084038,https://googledrive.com/host/0ByZPttHNHiZ0RHZZcWROb2JxOGM/g2_a2_sml_096.jpg,g2_a2_sml_096.jpg,G2_2.jpg,2,1,4014,2,1,-0.103,-0.958,0.066,-0.185,-0.288,-0.319,12535,15604,12189,33901,25.3,2,-33.98959,151.23374,-33.98959 151.23374,0,90,0.18,1.84,28.7,0.4,21.88,1.78,5,1.69,1.624,1,1.25,107.5,-84.51,3.4622,0,,-33.98962667,151.2337033,-33.9896266667 151.233703333,225,-96.81791
138,2013-12-15T08:48:34+0100,1452,B00000154_21I558_20131215_084834,https://googledrive.com/host/0ByZPttHNHiZ0RHZZcWROb2JxOGM/g2_a2_sml_138.jpg,g2_a2_sml_138.jpg,G2_2.jpg,2,1,4014,2,1,-0.313,-0.902,-0.541,-0.019,-0.304,-0.335,35138,43801,37487,65535,23.6,2,-33.99109,151.23184,-33.99109 151.23184,0,204,1.68,13.42,36.2,1.4,9.08,1.88,1,1.25,1.905,1,1.094,100.61,-93.16,3.0962,0,,-33.99109667,151.23186,-33.9910966667 151.23186,191,-99.98458
150,2013-12-15T08:50:35+0100,1573,B00000166_21I558_20131215_085035,https://googledrive.com/host/0ByZPttHNHiZ0RHZZcWROb2JxOGM/g2_a2_sml_150.jpg,g2_a2_sml_150.jpg,G2_2.jpg,2,1,4014,2,1,-0.28,-1.514,1.199,-0.067,-0.208,0.166,65535,65535,65535,65535,35,2,-33.99121,151.23176,-33.99121 151.23176,0,30,1.13,9.05,33,1.2,10.49,1.81,0,1.25,1.749,1,1.063,58.361,-95.63,232.34,0,,-33.99123667,151.2317733,-33.9912366667 151.231773333,30,-98.9251
158,2013-12-15T08:51:54+0100,1652,B00000174_21I558_20131215_085154,https://googledrive.com/host/0ByZPttHNHiZ0RHZZcWROb2JxOGM/g2_a2_sml_158.jpg,g2_a2_sml_158.jpg,G2_2.jpg,2,1,4014,2,1,0.007,-0.75,-0.506,0.127,-0.314,-0.064,65535,65535,65535,65535,40.5,2,-33.99039,151.23186,-33.99039 151.23186,0,337,1.34,12.04,33.3,1.4,10.29,1.83,1,1.25,1.655,1,1.219,100.66,-95.92,102.74,0,,-33.99037667,151.2318733,-33.9903766667 151.231873333,337,-89.56635
167,2013-12-15T08:53:41+0100,1759,B00000183_21I558_20131215_085341,https://googledrive.com/host/0ByZPttHNHiZ0RHZZcWROb2JxOGM/g2_a2_sml_167.jpg,g2_a2_sml_167.jpg,G2_2.jpg,2,1,4014,2,1,-0.217,-0.815,0.02,-0.063,-0.337,-0.069,54006,63151,44881,65535,37.2,2,-33.98935,151.23233,-33.98935 151.23233,0,57,1.16,18.6,43.9,1.7,10.63,1.82,1,1.25,1.874,1,1.406,98.938,-92.28,212.62,0,,-33.98941333,151.23231,-33.9894133333 151.23231,57,-73.71337
175,2013-12-15T08:55:24+0100,1862,B00000191_21I558_20131215_085524,https://googledrive.com/host/0ByZPttHNHiZ0RHZZcWROb2JxOGM/g2_a2_sml_175.jpg,g2_a2_sml_175.jpg,G2_2.jpg,2,1,4014,2,1,-0.124,-1.255,0.119,-0.094,-0.281,-0.35,38260,48478,38752,65535,15.9,2,-33.98939,151.23334,-33.98939 151.23334,0,208,1.26,21.45,49.5,0.8,10.05,2.11,2,1.25,1.968,1,1.25,101.45,-91.58,336.06,0,,-33.98941667,151.2332933,-33.9894166667 151.233293333,208,-83.50377
184,2013-12-15T08:56:59+0100,1957,B00000200_21I558_20131215_085659,https://googledrive.com/host/0ByZPttHNHiZ0RHZZcWROb2JxOGM/g2_a2_sml_184.jpg,g2_a2_sml_184.jpg,G2_2.jpg,2,1,4014,2,1,-0.145,-0.762,-0.128,-0.173,-0.324,-0.127,13280,19363,18406,48126,9.8,2,-33.98998,151.23329,-33.98998 151.23329,0,99,0.73,6.55,35.7,0.4,7.65,2.04,5,1.44,1.843,1,1.094,105.35,-91.22,305.75,0,,-33.98996667,151.2333167,-33.9899666667 151.233316667,68,-97.86954
204,2013-12-15T09:00:42+0100,2180,B00000220_21I558_20131215_090035,https://googledrive.com/host/0ByZPttHNHiZ0RHZZcWROb2JxOGM/g2_a2_sml_204.jpg,g2_a2_sml_204.jpg,G2_2.jpg,2,1,4014,2,1,-0.41,-1.123,-0.687,-0.116,-0.256,-0.383,28785,37613,34970,65535,29.9,2,-33.98951,151.23381,-33.98951 151.23381,0,202,0.22,2.41,22.3,1.2,12.15,2.02,2,1.25,1.655,1,1.25,110.42,-100.4,308.24,0,,-33.98952333,151.2338067,-33.9895233333 151.233806667,202,-96.81791
213,2013-12-15T09:02:19+0100,2277,B00000229_21I558_20131215_090218,https://googledrive.com/host/0ByZPttHNHiZ0RHZZcWROb2JxOGM/g2_a2_sml_213.jpg,g2_a2_sml_213.jpg,G2_2.jpg,2,1,4014,2,1,-0.021,-0.904,-0.265,-0.054,-0.348,-0.084,10901,12656,10138,30751,27,2,-33.98941,151.2338,-33.98941 151.23380,0,64,1.14,10.24,26.3,1.1,20.77,1.97,2,1.25,1.749,1,1.313,107.27,-94.45,246.32,0,,-33.98942667,151.2337867,-33.9894266667 151.233786667,64,-93.68655
237,2013-12-15T09:06:24+0100,2522,B00000253_21I558_20131215_090624,https://googledrive.com/host/0ByZPttHNHiZ0RHZZcWROb2JxOGM/g2_a2_sml_237.jpg,g2_a2_sml_237.jpg,G2_2.jpg,2,1,4014,2,1,-0.038,-0.984,-0.149,-0.07,-0.349,-0.095,13367,18512,16841,46115,24.3,2,-33.98913,151.23405,-33.98913 151.23405,0,68,0.66,5.96,25.4,1.1,12.01,1.98,5,1.25,1.687,1,1.172,105.65,-93.7,258.83,0,,-33.98913667,151.2340667,-33.9891366667 151.234066667,68,-94.72642
245,2013-12-15T09:07:37+0100,2595,B00000261_21I558_20131215_090737,https://googledrive.com/host/0ByZPttHNHiZ0RHZZcWROb2JxOGM/g2_a2_sml_245.jpg,g2_a2_sml_245.jpg,G2_2.jpg,2,1,4014,2,1,0.083,-0.755,-0.223,-0.203,-0.298,-0.261,33844,34356,21842,65535,22.1,2,-33.98905,151.23459,-33.98905 151.23459,0,107,0.97,14.53,25.2,1,10.73,1.92,1,1.25,1.655,1,1.359,110.05,-96.94,314.36,0,,-33.98907333,151.23464,-33.9890733333 151.23464,111,-102.1153
259,2013-12-15T09:09:44+0100,2722,B00000275_21I558_20131215_090944,https://googledrive.com/host/0ByZPttHNHiZ0RHZZcWROb2JxOGM/g2_a2_sml_259.jpg,g2_a2_sml_259.jpg,G2_2.jpg,2,1,4014,2,1,0.103,-1.095,-0.218,-0.17,-0.315,-0.243,65535,65535,41177,65535,38.4,2,-33.98916,151.23503,-33.98916 151.23503,0,90,0.61,5.53,26.9,0.1,8.21,1.79,1,1.25,1.593,1,1.453,105.83,-93.75,296.8,0,,-33.98915,151.2350567,-33.98915 151.235056667,90,-102.1153
267,2013-12-15T09:10:54+0100,2792,B00000283_21I558_20131215_091054,https://googledrive.com/host/0ByZPttHNHiZ0RHZZcWROb2JxOGM/g2_a2_sml_267.jpg,g2_a2_sml_267.jpg,G2_2.jpg,2,1,4014,2,1,0.155,-0.922,-0.213,-0.184,-0.287,-0.305,65535,65535,54829,65535,20.9,2,-33.9892,151.23539,-33.98920 151.23539,0,140,0.64,5.78,28.1,0.7,8.34,1.76,1,1.25,1.562,1,1.516,107.84,-95.15,316.03,0,,-33.98920333,151.2353833,-33.9892033333 151.235383333,140,-102.1153
280,2013-12-15T09:12:57+0100,2915,B00000296_21I558_20131215_091257,https://googledrive.com/host/0ByZPttHNHiZ0RHZZcWROb2JxOGM/g2_a2_sml_280.jpg,g2_a2_sml_280.jpg,G2_2.jpg,2,1,4014,2,1,-0.445,-0.632,-0.514,-0.089,-0.347,-0.211,65535,65535,47588,65535,9.5,2,-33.98935,151.2357,-33.98935 151.23570,0,90,0.08,0.92,29,0.3,7.87,1.88,1,1.25,1.499,1,1.641,120.4,-114.1,307.05,0,,-33.98936,151.2357367,-33.98936 151.235736667,108,-99.98458
303,2013-12-15T09:16:29+0100,3127,B00000319_21I558_20131215_091629,https://googledrive.com/host/0ByZPttHNHiZ0RHZZcWROb2JxOGM/g2_a2_sml_303.jpg,g2_a2_sml_303.jpg,G2_2.jpg,2,1,4014,2,1,0.158,-0.939,-0.469,0.182,-0.293,-0.101,65535,65535,64755,65535,31.5,2,-33.98903,151.23584,-33.98903 151.23584,0,286,0.96,7.7,24.3,0.9,7.54,1.51,1,1.31,1.593,1,1.484,111.15,-91.21,50.931,0,,-33.98904,151.2358267,-33.98904 151.235826667,286,-93.68655
311,2013-12-15T09:17:47+0100,3205,B00000327_21I558_20131215_091747,https://googledrive.com/host/0ByZPttHNHiZ0RHZZcWROb2JxOGM/g2_a2_sml_311.jpg,g2_a2_sml_311.jpg,G2_2.jpg,2,1,4014,2,1,0.082,-0.802,-0.338,0.156,-0.289,-0.218,65535,65535,45170,65535,32.1,2,-33.98883,151.2353,-33.98883 151.23530,0,238,0.43,4.31,25.7,0.6,8.49,1.67,1,1.25,1.624,1,1.391,106.58,-90.93,355.01,0,,-33.98884667,151.2352967,-33.9888466667 151.235296667,238,-93.68655
322,2013-12-15T09:19:39+0100,3317,B00000338_21I558_20131215_091939,https://googledrive.com/host/0ByZPttHNHiZ0RHZZcWROb2JxOGM/g2_a2_sml_322.jpg,g2_a2_sml_322.jpg,G2_2.jpg,2,1,4014,2,1,0.184,-0.681,-0.313,-0.157,-0.3,-0.293,65535,65535,49802,65535,9.2,2,-33.98915,151.23571,-33.98915 151.23571,0,128,0.44,3.55,29.8,0.4,7.18,1.66,1,1.25,1.562,1,1.516,110.79,-88.58,287.63,0,,-33.98913333,151.2356867,-33.9891333333 151.235686667,128,-97.86954
335,2013-12-15T09:21:44+0100,3442,B00000351_21I558_20131215_092144,https://googledrive.com/host/0ByZPttHNHiZ0RHZZcWROb2JxOGM/g2_a2_sml_335.jpg,g2_a2_sml_335.jpg,G2_2.jpg,2,1,4014,2,1,0.028,-0.947,-0.109,-0.171,-0.3,-0.249,63270,65535,50769,65535,31.6,2,-33.98929,151.23563,-33.98929 151.23563,0,68,0.66,5.96,27.7,0.2,8.71,1.47,1,1.25,1.593,1,1.359,88.622,-86.68,327.52,0,,-33.98925333,151.2356533,-33.9892533333 151.235653333,68,-101.048
393,2013-12-15T09:31:42+0100,4040,B00000409_21I558_20131215_093136,https://googledrive.com/host/0ByZPttHNHiZ0RHZZcWROb2JxOGM/g2_a2_sml_393.jpg,g2_a2_sml_393.jpg,G2_2.jpg,2,1,4014,2,1,-0.03,-0.988,-0.021,0.079,-0.314,-0.238,48468,57647,45501,65535,25.1,2,-33.98915,151.2358,-33.98915 151.23580,0,341,0.65,5.86,28.1,0.2,9,1.39,1,1.25,1.688,1,1.242,92.802,-94.87,23.675,0,,-33.98913,151.2358,-33.98913 151.2358,0,-95.7702
10,2013-12-15T07:36:27+0100,90,B00000308_21I5A3_20131215_073626,https://googledrive.com/host/0ByZPttHNHiZ0UmktMy1QZGFSeWc/g2_a3_sml_010.jpg,g2_a3_sml_010.jpg,G2_3.jpg,3,1,4014,2,1,0.02,-1.061,-0.131,-0.272,-0.92,-0.224,65535,65535,65535,65535,33.6,2,-33.98924,151.2358,-33.98924 151.2358,0,269,0.46,3.69,23.4,0.9,14.54,1.74,1,1.31,1.719,1,1.156,96.031,-84.69,308.97,0,,-33.98924,151.2358,-33.98924 151.2358,269,-97.86954
51,2013-12-15T07:42:46+0100,500,B00000349_21I5A3_20131215_074245,https://googledrive.com/host/0ByZPttHNHiZ0UmktMy1QZGFSeWc/g2_a3_sml_051.jpg,g2_a3_sml_051.jpg,G2_3.jpg,3,1,4014,2,1,0.629,-0.79,0.342,-0.003,-0.808,-0.255,58318,65535,61842,65535,36.2,2,-33.98899,151.23568,-33.98899 151.23568,0,269,0.53,3.69,28.4,0.1,14.24,1.92,1,1.31,1.625,1,1.281,90.108,-74.48,318.46,0,,-33.98899,151.23568,-33.98899 151.23568,276,-93.68655
61,2013-12-15T07:44:09+0100,600,B00000359_21I5A3_20131215_074409,https://googledrive.com/host/0ByZPttHNHiZ0UmktMy1QZGFSeWc/g2_a3_sml_061.jpg,g2_a3_sml_061.jpg,G2_3.jpg,3,1,4014,2,1,-0.104,-0.913,0.31,-0.152,-0.863,-0.225,44891,43618,36651,65535,36.2,2,-33.98902,151.23556,-33.98902 151.23556,0,195,0.63,6.92,26.7,0.5,19.57,2.12,0,1.31,1.375,1,1.406,84.745,-89.94,341.73,0,,-33.98902,151.23556,-33.98902 151.23556,276,-96.81791
101,2013-12-15T07:50:27+0100,1000,B00000399_21I5A3_20131215_075026,https://googledrive.com/host/0ByZPttHNHiZ0UmktMy1QZGFSeWc/g2_a3_sml_101.jpg,g2_a3_sml_101.jpg,G2_3.jpg,3,1,4014,2,1,0.054,-1.087,0.215,-0.088,-0.891,-0.425,34416,37980,34247,65535,32.5,2,-33.98865,151.23535,-33.98865 151.23535,0,337,0.24,2.41,29.2,0.4,11.51,1.88,5,4.75,1.925,1,1.43,83.334,-85.81,330.44,0,,-33.98865,151.23535,-33.98865 151.23535,337,-88.54611
112,2013-12-15T07:52:33+0100,1110,B00000410_21I5A3_20131215_075231,https://googledrive.com/host/0ByZPttHNHiZ0UmktMy1QZGFSeWc/g2_a3_sml_112.jpg,g2_a3_sml_112.jpg,G2_3.jpg,3,1,4014,2,1,0.356,-0.792,0.043,-0.183,-0.911,-0.521,24528,26299,18599,52029,32.5,2,-33.98857,151.23543,-33.98857 151.23543,0,213,1.11,13.34,26.3,0.9,18.1,2.22,2,1.25,1.891,1,1.406,88.799,-79.94,326.62,0,,-33.98857,151.23543,-33.98857 151.23543,203,-87.52979
127,2013-12-15T07:55:03+0100,1260,B00000425_21I5A3_20131215_075502,https://googledrive.com/host/0ByZPttHNHiZ0UmktMy1QZGFSeWc/g2_a3_sml_127.jpg,g2_a3_sml_127.jpg,G2_3.jpg,3,1,4014,2,1,0.101,-0.2,-0.992,-0.444,-0.541,-2.6,41878,39374,25108,65535,20.2,2,-33.98907,151.2353,-33.98907 151.2353,0,186,0.87,7.84,26.2,1.4,10.09,1.67,1,1.25,1.609,1,1.25,107.64,-104.9,359.65,0,,-33.98907,151.2353,-33.98907 151.2353,187,-99.98458
136,2013-12-15T07:56:25+0100,1350,B00000434_21I5A3_20131215_075624,https://googledrive.com/host/0ByZPttHNHiZ0UmktMy1QZGFSeWc/g2_a3_sml_136.jpg,g2_a3_sml_136.jpg,G2_3.jpg,3,1,4014,2,1,0.293,-0.818,-0.582,-0.309,-0.815,-2.6,31939,29255,18846,65535,20.2,2,-33.9889,151.23516,-33.9889 151.23516,0,334,2.15,17.23,23.7,2.2,41.41,2.37,1,1.25,1.484,1,1.469,121.23,-72.7,341.92,0,,-33.9889,151.23516,-33.9889 151.23516,334,-95.7702
144,2013-12-15T07:57:34+0100,1430,B00000442_21I5A3_20131215_075733,https://googledrive.com/host/0ByZPttHNHiZ0UmktMy1QZGFSeWc/g2_a3_sml_144.jpg,g2_a3_sml_144.jpg,G2_3.jpg,3,1,4014,2,1,-0.02,-0.922,-0.407,-0.461,-0.877,-0.567,65535,65535,43993,65535,20.2,2,-33.9891,151.23523,-33.9891 151.23523,0,151,0.48,3.81,29.9,0.5,10.33,2.21,1,1.25,1.453,1,1.5,110.64,-82.03,294.79,0,,-33.9891,151.23523,-33.9891 151.23523,151,-101.048
164,2013-12-15T08:00:51+0100,1630,B00000462_21I5A3_20131215_080050,https://googledrive.com/host/0ByZPttHNHiZ0UmktMy1QZGFSeWc/g2_a3_sml_164.jpg,g2_a3_sml_164.jpg,G2_3.jpg,3,1,4014,2,1,0.325,-0.99,0.183,-0.155,-0.828,-0.008,65535,60634,53820,65535,29.6,2,-33.9892,151.2355,-33.9892 151.2355,0,283,1.78,14.23,26,0.2,13.46,2.18,1,1.25,1.508,1,1.563,99.938,-80.82,353.39,0,,-33.9892,151.2355,-33.9892 151.2355,219,-101.048
185,2013-12-15T08:04:12+0100,1840,B00000483_21I5A3_20131215_080412,https://googledrive.com/host/0ByZPttHNHiZ0UmktMy1QZGFSeWc/g2_a3_sml_185.jpg,g2_a3_sml_185.jpg,G2_3.jpg,3,1,4014,2,1,0.174,-1.275,-0.049,-0.029,-0.865,-0.34,65535,65535,65535,65535,30.8,2,-33.98911,151.23516,-33.98911 151.23516,0,0,0.83,6.67,27.5,0.4,10.31,2.06,1,1.25,1.547,1,1.438,112.35,-92.29,353.74,0,,-33.98911,151.23516,-33.98911 151.23516,307,-102.1153
234,2013-12-15T08:12:18+0100,2330,B00000532_21I5A3_20131215_081217,https://googledrive.com/host/0ByZPttHNHiZ0UmktMy1QZGFSeWc/g2_a3_sml_234.jpg,g2_a3_sml_234.jpg,G2_3.jpg,3,1,4014,2,1,0.223,-0.557,0.126,-0.42,-0.884,-0.317,42131,51912,45126,65535,17.1,1,-33.98899677,151.2343832,-33.98899677 151.2343832,1,114,0.04,0.58,26.95888325,0,0,0,1,1.31,1.754,1,1.141,82.899,-85.03,317.97,0,,-33.98899677,151.2343832,-33.98899677 151.2343832,219,-98.9251
249,2013-12-15T08:15:25+0100,2480,B00000547_21I5A3_20131215_081524,https://googledrive.com/host/0ByZPttHNHiZ0UmktMy1QZGFSeWc/g2_a3_sml_249.jpg,g2_a3_sml_249.jpg,G2_3.jpg,3,1,4014,2,1,0.107,-0.974,-0.489,-0.28,-0.829,-2.6,59601,57146,40715,65535,15.6,1,-33.9889376,151.2346854,-33.9889376 151.2346854,1,114,0.05,0.59,24.81928934,0,0,0,1,1.25,1.66,1,1.234,108,-74.34,347.61,0,,-33.9889376,151.2346854,-33.9889376 151.2346854,97,-99.98458
275,2013-12-15T08:21:04+0100,2740,B00000573_21I5A3_20131215_082104,https://googledrive.com/host/0ByZPttHNHiZ0UmktMy1QZGFSeWc/g2_a3_sml_275.jpg,g2_a3_sml_275.jpg,G2_3.jpg,3,1,4014,2,1,0.302,-0.912,-0.607,-0.174,-0.924,-0.495,60485,65535,58650,65535,29.5,1,-33.989338,151.235707,-33.989338 151.235707,2,114,0.04,0.58,21.1106599,0,0,0,5,1.25,1.812,1,1.313,85.789,-80.34,304.12,0,,-33.989338,151.235707,-33.989338 151.235707,351,-101.048
307,2013-12-15T08:27:35+0100,3060,B00000605_21I5A3_20131215_082734,https://googledrive.com/host/0ByZPttHNHiZ0UmktMy1QZGFSeWc/g2_a3_sml_307.jpg,g2_a3_sml_307.jpg,G2_3.jpg,3,1,4014,2,1,-0.004,-0.488,-0.439,-0.281,-0.939,-0.394,27924,27054,18720,52687,22.3,1,-33.989436,151.235812,-33.989436 151.235812,5,114,0.05,0.57,16.54619289,0,0,0,1,1.25,1.719,1,1.047,93.338,-96.48,354.34,0,,-33.989436,151.235812,-33.989436 151.235812,7,-97.86954
338,2013-12-15T08:33:47+0100,3370,B00000636_21I5A3_20131215_083346,https://googledrive.com/host/0ByZPttHNHiZ0UmktMy1QZGFSeWc/g2_a3_sml_338.jpg,g2_a3_sml_338.jpg,G2_3.jpg,3,1,4014,2,1,0.204,-0.969,-0.41,-0.392,-0.87,-0.613,44278,39829,22863,65535,11.3,1,-33.989301,151.235728,-33.989301 151.235728,7,114,0.06,0.58,12.12436548,0,0,0,2,1.25,1.5,1,1.406,107.59,-82.37,304.32,0,,-33.989301,151.235728,-33.989301 151.235728,288,-99.98458
362,2013-12-15T08:38:40+0100,3610,B00000660_21I5A3_20131215_083839,https://googledrive.com/host/0ByZPttHNHiZ0UmktMy1QZGFSeWc/g2_a3_sml_362.jpg,g2_a3_sml_362.jpg,G2_3.jpg,3,1,4014,2,1,0.01,-0.965,-0.428,-0.345,-0.771,-2.6,40648,36805,21718,65535,22.1,1,-33.989313,151.235715,-33.989313 151.235715,7,114,0.05,0.58,8.701015228,0,0,0,1,1.25,1.5,1,1.348,109.05,-88.13,341.55,0,,-33.989313,151.235715,-33.989313 151.235715,293,-99.98458
394,2013-12-15T08:44:59+0100,3930,B00000692_21I5A3_20131215_084459,https://googledrive.com/host/0ByZPttHNHiZ0UmktMy1QZGFSeWc/g2_a3_sml_394.jpg,g2_a3_sml_394.jpg,G2_3.jpg,3,1,4014,2,1,0.337,-0.992,-0.055,-0.312,-0.924,-0.543,26458,28090,19550,62141,17.9,1,-33.989282,151.235726,-33.989282 151.235726,9,114,0.05,0.59,4.136548223,0,0,0,1,1.25,1.656,1,1.188,95.034,-74.62,305.55,0,,-33.989282,151.235726,-33.989282 151.235726,253,-99.98458
405,2013-12-15T08:47:09+0100,4040,B00000703_21I5A3_20131215_084708,https://googledrive.com/host/0ByZPttHNHiZ0UmktMy1QZGFSeWc/g2_a3_sml_405.jpg,g2_a3_sml_405.jpg,G2_3.jpg,3,1,4014,2,1,0.291,-0.937,-0.442,-0.257,-0.836,-2.6,65535,65535,45893,65535,0.2,1,-33.98931,151.235699,-33.98931 151.235699,9,114,0.04,0.57,2.56751269,0,0,0,1,1.25,1.656,1,1.32,103.27,-73.42,292.42,0,,-33.98931,151.235699,-33.98931 151.235699,322,-99.98458
29,2013-12-15T07:53:39+0100,272,B00000041_21I5AW_20131215_075338,https://googledrive.com/host/0ByZPttHNHiZ0TEFsZlY1UW4zUmM/g2_a4_sml_029.jpg,g2_a4_sml_029.jpg,G2_4.jpg,4,1,4014,2,1,0.503,-1.649,-0.81,-0.007,-0.359,-0.103,65535,65535,65535,65535,30.3,2,-33.98926,151.23571,-33.98926 151.23571,0,106,0.48,3.85,33.8,0.3,26.56,4.45,1,1.25,1.438,1,1.25,101.33,-97.7,279.79,0,,-33.98926,151.23567,-33.98926 151.23567,299,-99.98458
65,2013-12-15T07:59:19+0100,612,B00000077_21I5AW_20131215_075919,https://googledrive.com/host/0ByZPttHNHiZ0TEFsZlY1UW4zUmM/g2_a4_sml_065.jpg,g2_a4_sml_065.jpg,G2_4.jpg,4,1,4014,2,1,0.233,-0.955,-0.188,-0.041,-0.379,0.117,30020,29316,20270,65535,31.6,2,-33.98828,151.23373,-33.98828 151.23373,0,127,1.16,12.78,40.6,0.5,24.13,1.94,5,1.25,1.594,1,1.688,95.995,-96.82,225.88,0,,-33.9884,151.23393,-33.9884 151.23393,110,-84.50439
80,2013-12-15T08:01:48+0100,761,B00000092_21I5AW_20131215_080148,https://googledrive.com/host/0ByZPttHNHiZ0TEFsZlY1UW4zUmM/g2_a4_sml_080.jpg,g2_a4_sml_080.jpg,G2_4.jpg,4,1,4014,2,1,-0.106,-1.025,-0.043,0.06,-0.354,-0.091,16020,22109,19609,52835,25.5,2,-33.98841,151.23409,-33.98841 151.23409,0,269,0.46,3.69,43.1,0.3,16.62,2.12,5,1.75,1.656,1,1.438,105.18,-93.57,323.32,0,,-33.98837667,151.2340433,-33.9883766667 151.234043333,320,-84.50439
94,2013-12-15T08:03:47+0100,880,B00000106_21I5AW_20131215_080347,https://googledrive.com/host/0ByZPttHNHiZ0TEFsZlY1UW4zUmM/g2_a4_sml_094.jpg,g2_a4_sml_094.jpg,G2_4.jpg,4,1,4014,2,1,0.188,-0.927,-0.085,0.095,-0.349,-0.037,61222,65535,55298,65535,25.5,2,-33.98853,151.23331,-33.98853 151.23331,0,236,1.52,12.14,36.2,1.3,20.32,2.37,1,1.25,1.563,1,1.063,95.378,-94.38,22.579,0,,-33.98854,151.2333,-33.98854 151.2333,236,-83.50377
102,2013-12-15T08:05:05+0100,958,B00000114_21I5AW_20131215_080505,https://googledrive.com/host/0ByZPttHNHiZ0TEFsZlY1UW4zUmM/g2_a4_sml_102.jpg,g2_a4_sml_102.jpg,G2_4.jpg,4,1,4014,2,1,-0.407,-1.662,-0.113,-0.151,-0.374,0.038,53592,61540,39809,65535,25.2,2,-33.98872,151.23286,-33.98872 151.23286,0,110,1.88,18.75,35.4,1.6,29.3,1.73,1,1.25,1.781,1,1.188,103.89,-89.92,296.23,0,,-33.98869667,151.23292,-33.9886966667 151.23292,110,-79.54053
111,2013-12-15T08:06:21+0100,1034,B00000123_21I5AW_20131215_080621,https://googledrive.com/host/0ByZPttHNHiZ0TEFsZlY1UW4zUmM/g2_a4_sml_111.jpg,g2_a4_sml_111.jpg,G2_4.jpg,4,1,4014,2,1,-0.243,-1.082,-0.232,-0.196,-0.358,0.072,65535,65535,59772,65535,25.2,2,-33.98832,151.23396,-33.98832 151.23396,0,22,0.8,7.22,34.3,1.8,15.38,2.19,1,1.25,1.625,1,1.094,96.792,-91.48,199.36,0,,-33.98833,151.23393,-33.98833 151.23393,22,-84.50439
121,2013-12-15T08:07:59+0100,1132,B00000133_21I5AW_20131215_080759,https://googledrive.com/host/0ByZPttHNHiZ0TEFsZlY1UW4zUmM/g2_a4_sml_121.jpg,g2_a4_sml_121.jpg,G2_4.jpg,4,1,4014,2,1,-0.109,-1.019,-0.145,0.085,-0.39,0.037,65535,65535,54289,65535,28.2,2,-33.98788,151.23405,-33.98788 151.23405,0,90,0.41,3.69,40.2,0.9,19.45,2.43,1,1.25,1.594,1,1.625,102.75,-86.78,174.53,0,,-33.9879,151.23409,-33.9879 151.23409,90,-85.50893
131,2013-12-15T08:09:37+0100,1230,B00000143_21I5AW_20131215_080937,https://googledrive.com/host/0ByZPttHNHiZ0TEFsZlY1UW4zUmM/g2_a4_sml_131.jpg,g2_a4_sml_131.jpg,G2_4.jpg,4,1,4014,2,1,0.005,-0.792,-0.303,-0.187,-0.348,-0.123,13424,18051,13352,38077,23.6,2,-33.9877,151.23404,-33.98770 151.23404,0,68,0.66,5.96,38.1,0.9,14.25,2.44,5,1.44,1.781,1,1.43,104.66,-88.17,276.63,0,,-33.98766,151.2340867,-33.98766 151.234086667,72,-86.5174
142,2013-12-15T08:11:30+0100,1343,B00000154_21I5AW_20131215_081129,https://googledrive.com/host/0ByZPttHNHiZ0TEFsZlY1UW4zUmM/g2_a4_sml_142.jpg,g2_a4_sml_142.jpg,G2_4.jpg,4,1,4014,2,1,-0.06,-0.912,-0.321,-0.132,-0.337,-0.175,18319,20478,13720,40494,22.1,2,-33.98791,151.23423,-33.98791 151.23423,0,5,1.01,10.05,38.3,0.6,18.34,2.45,2,1.25,1.75,1,1.523,109.18,-88.5,256.14,0,,-33.98787333,151.23426,-33.9878733333 151.23426,5,-86.5174
151,2013-12-15T08:12:53+0100,1426,B00000163_21I5AW_20131215_081253,https://googledrive.com/host/0ByZPttHNHiZ0TEFsZlY1UW4zUmM/g2_a4_sml_151.jpg,g2_a4_sml_151.jpg,G2_4.jpg,4,1,4014,2,1,-0.239,-0.864,-0.44,0.014,-0.329,-0.198,53212,58228,37727,65535,22.1,2,-33.9881,151.23421,-33.98810 151.23421,0,217,1.53,15.32,39.8,1.1,27.75,2.62,1,1.25,1.656,1,1.18,106.22,-86.54,11.816,0,,-33.98811333,151.23417,-33.9881133333 151.23417,217,-85.50893
159,2013-12-15T08:14:10+0100,1503,B00000171_21I5AW_20131215_081410,https://googledrive.com/host/0ByZPttHNHiZ0TEFsZlY1UW4zUmM/g2_a4_sml_159.jpg,g2_a4_sml_159.jpg,G2_4.jpg,4,1,4014,2,1,0.16,-0.982,-0.201,-0.048,-0.335,-0.193,60018,64652,43449,65535,22.1,2,-33.98829,151.23403,-33.98829 151.23403,0,140,0.32,2.89,39.1,1.2,17.57,2.27,1,1.25,1.625,1,1.211,104.03,-82.52,277.62,0,,-33.98828333,151.23403,-33.9882833333 151.23403,151,-84.50439
170,2013-12-15T08:15:56+0100,1609,B00000182_21I5AW_20131215_081556,https://googledrive.com/host/0ByZPttHNHiZ0TEFsZlY1UW4zUmM/g2_a4_sml_170.jpg,g2_a4_sml_170.jpg,G2_4.jpg,4,1,4014,2,1,0.242,-1.267,-0.208,0.125,-0.342,-0.098,57127,60998,40508,65535,25.2,2,-33.98839,151.2339,-33.98839 151.23390,0,269,0.1,0.92,40.9,0.5,22.14,2.15,1,1.25,1.625,1,1.305,105.8,-83.44,80.053,0,,-33.98835,151.2339233,-33.98835 151.233923333,231,-84.50439
179,2013-12-15T08:17:18+0100,1691,B00000191_21I5AW_20131215_081718,https://googledrive.com/host/0ByZPttHNHiZ0TEFsZlY1UW4zUmM/g2_a4_sml_179.jpg,g2_a4_sml_179.jpg,G2_4.jpg,4,1,4014,2,1,0.018,-0.854,0.001,0.117,-0.361,-0.036,65535,65535,60126,65535,29,2,-33.98845,151.23331,-33.98845 151.23331,0,193,1.95,19.46,44.3,0.9,24.23,2.47,1,1.25,1.594,1,1.086,100.46,-84.86,109.44,0,,-33.98853333,151.23334,-33.9885333333 151.23334,193,-83.50377
187,2013-12-15T08:18:39+0100,1772,B00000199_21I5AW_20131215_081838,https://googledrive.com/host/0ByZPttHNHiZ0TEFsZlY1UW4zUmM/g2_a4_sml_187.jpg,g2_a4_sml_187.jpg,G2_4.jpg,4,1,4014,2,1,-0.137,-0.742,-0.667,0.023,-0.253,-0.249,34344,34484,21510,61061,29,2,-33.98905,151.23326,-33.98905 151.23326,0,281,1.13,11.28,44.7,1,20.68,1.82,2,1.25,1.719,1,1.898,128.84,-95.72,115.4,0,,-33.98901667,151.2331767,-33.9890166667 151.233176667,281,-82.50707
195,2013-12-15T08:20:00+0100,1853,B00000207_21I5AW_20131215_082000,https://googledrive.com/host/0ByZPttHNHiZ0TEFsZlY1UW4zUmM/g2_a4_sml_195.jpg,g2_a4_sml_195.jpg,G2_4.jpg,4,1,4014,2,1,-0.049,-0.889,-0.497,0.056,-0.337,-0.159,35388,44445,30873,65535,24.7,2,-33.98914,151.23239,-33.98914 151.23239,0,28,0.25,3.81,44.3,1.1,14.38,1.91,1,1.25,1.75,1,1.398,104.75,-84.5,133.81,0,,-33.98913333,151.23245,-33.9891333333 151.23245,28,-72.75591
203,2013-12-15T08:21:21+0100,1934,B00000215_21I5AW_20131215_082121,https://googledrive.com/host/0ByZPttHNHiZ0TEFsZlY1UW4zUmM/g2_a4_sml_203.jpg,g2_a4_sml_203.jpg,G2_4.jpg,4,1,4014,2,1,-0.081,-0.857,-0.178,0.076,-0.393,0.085,55954,65535,56042,65535,24.7,2,-33.98874,151.2328,-33.98874 151.23280,0,354,0.72,10.05,38.5,1,14.31,2.47,3,1.25,1.781,1,1.273,98.854,-87.7,202.45,0,,-33.98872,151.23279,-33.98872 151.23279,354,-77.58244
211,2013-12-15T08:22:47+0100,2020,B00000223_21I5AW_20131215_082247,https://googledrive.com/host/0ByZPttHNHiZ0TEFsZlY1UW4zUmM/g2_a4_sml_211.jpg,g2_a4_sml_211.jpg,G2_4.jpg,4,1,4014,2,1,0.087,-1.114,-0.209,-0.168,-0.367,-0.105,48862,50316,29806,65535,12.4,2,-33.98873,151.23321,-33.98873 151.23321,0,140,0.24,2.89,41.9,0.6,11.08,2.06,1,1.25,1.719,1,1.367,110.93,-85.87,271.21,0,,-33.98873333,151.2331833,-33.9887333333 151.233183333,140,-82.50707
224,2013-12-15T08:24:58+0100,2151,B00000236_21I5AW_20131215_082458,https://googledrive.com/host/0ByZPttHNHiZ0TEFsZlY1UW4zUmM/g2_a4_sml_224.jpg,g2_a4_sml_224.jpg,G2_4.jpg,4,1,4014,2,1,0.025,-0.859,-0.534,-0.228,-0.326,-0.163,39334,39684,23346,65535,12.4,2,-33.98917,151.23313,-33.98917 151.23313,0,128,0.55,7.1,41.5,0.3,10.54,1.77,1,1.25,1.531,1,1.156,108.48,-86.29,279.73,0,,-33.98917,151.2331367,-33.98917 151.233136667,128,-81.5143
232,2013-12-15T08:26:12+0100,2225,B00000244_21I5AW_20131215_082612,https://googledrive.com/host/0ByZPttHNHiZ0TEFsZlY1UW4zUmM/g2_a4_sml_232.jpg,g2_a4_sml_232.jpg,G2_4.jpg,4,1,4014,2,1,0.043,-0.856,-0.086,-0.032,-0.411,0.091,65535,65535,65535,65535,21.5,2,-33.9889,151.23341,-33.98890 151.23341,0,23,1.82,18.24,44.4,1.3,11.84,1.91,1,1.25,1.531,1,1.289,102.85,-88.27,198.67,0,,-33.98886667,151.2334433,-33.9888666667 151.233443333,23,-83.50377
241,2013-12-15T08:27:39+0100,2312,B00000253_21I5AW_20131215_082739,https://googledrive.com/host/0ByZPttHNHiZ0TEFsZlY1UW4zUmM/g2_a4_sml_241.jpg,g2_a4_sml_241.jpg,G2_4.jpg,4,1,4014,2,0,-0.06,-0.79,-0.252,-0.173,-0.383,-0.001,9200,9193,5540,17164,34.1,2,-33.98869,151.23398,-33.98869 151.23398,0,55,0.87,7.84,47.1,1,16.23,2.34,5,6.25,1.375,1,1.602,108.93,-91.69,257.91,0,,-33.98868,151.2339467,-33.98868 151.233946667,55,-85.50893
250,2013-12-15T08:29:01+0100,2394,B00000262_21I5AW_20131215_082901,https://googledrive.com/host/0ByZPttHNHiZ0TEFsZlY1UW4zUmM/g2_a4_sml_250.jpg,g2_a4_sml_250.jpg,G2_4.jpg,4,1,4014,2,1,-0.096,-0.405,-0.345,-0.199,-0.321,-0.182,65535,65535,65535,65535,34.1,2,-33.98885,151.2344,-33.98885 151.23440,0,140,0.66,7.22,42.3,1.1,13.37,1.9,1,1.25,1.438,1,1.32,115.33,-89.63,306.04,0,,-33.98883667,151.23441,-33.9888366667 151.23441,140,-95.7702
259,2013-12-15T08:30:22+0100,2475,B00000271_21I5AW_20131215_083022,https://googledrive.com/host/0ByZPttHNHiZ0TEFsZlY1UW4zUmM/g2_a4_sml_259.jpg,g2_a4_sml_259.jpg,G2_4.jpg,4,1,4014,2,1,0.13,-0.924,-0.324,-0.169,-0.371,-0.101,57118,58972,35562,65535,10.2,2,-33.98916,151.23493,-33.98916 151.23493,0,98,0.75,7.46,28,0.5,6.77,1.66,1,1.25,1.438,1,1.289,109.48,-85.83,273.26,0,,-33.98915667,151.2349333,-33.9891566667 151.234933333,98,-103.1866
267,2013-12-15T08:31:44+0100,2557,B00000279_21I5AW_20131215_083143,https://googledrive.com/host/0ByZPttHNHiZ0TEFsZlY1UW4zUmM/g2_a4_sml_267.jpg,g2_a4_sml_267.jpg,G2_4.jpg,4,1,4014,2,1,-0.011,-1.108,-0.361,-0.228,-0.356,-0.078,59651,60202,35584,65535,15,2,-33.98935,151.23561,-33.98935 151.23561,0,103,0.53,4.74,29.4,0.4,7.4,1.5,1,1.25,1.406,1,1.414,110.61,-92.24,258.79,0,,-33.98934333,151.2356067,-33.9893433333 151.235606667,103,-102.1153
278,2013-12-15T08:33:21+0100,2654,B00000290_21I5AW_20131215_083320,https://googledrive.com/host/0ByZPttHNHiZ0TEFsZlY1UW4zUmM/g2_a4_sml_278.jpg,g2_a4_sml_278.jpg,G2_4.jpg,4,1,4014,2,1,-0.054,-0.437,-1.005,-0.016,-0.056,-0.328,65535,57645,35996,65535,30,2,-33.98926,151.2358,-33.98926 151.23580,0,140,0.64,5.78,29.7,0.3,16.65,2.03,1,1.25,1.281,1,1.477,147.65,-87.92,124.17,0,,-33.98929667,151.2357833,-33.9892966667 151.235783333,140,-97.86954
289,2013-12-15T08:35:03+0100,2756,B00000301_21I5AW_20131215_083503,https://googledrive.com/host/0ByZPttHNHiZ0TEFsZlY1UW4zUmM/g2_a4_sml_289.jpg,g2_a4_sml_289.jpg,G2_4.jpg,4,1,4014,2,1,-0.521,-0.992,-0.543,-0.014,-0.323,-0.183,65535,65535,65535,65535,30,2,-33.98926,151.2357,-33.98926 151.23570,0,269,0.15,1.84,29,0.2,12.58,2.12,1,1.25,1.313,1,1.469,126.33,-97.27,29.742,0,,-33.98926667,151.2357233,-33.9892666667 151.235723333,348,-99.98458
306,2013-12-15T08:37:58+0100,2931,B00000318_21I5AW_20131215_083758,https://googledrive.com/host/0ByZPttHNHiZ0TEFsZlY1UW4zUmM/g2_a4_sml_306.jpg,g2_a4_sml_306.jpg,G2_4.jpg,4,1,4014,2,1,0.014,-0.908,-0.424,0.025,-0.255,-0.242,45696,45926,28697,65535,23.4,2,-33.98915,151.23574,-33.98915 151.23574,0,0,0,0,28,0.3,7.56,1.69,4,1.25,1.406,1,1.281,122.38,-84.04,28.531,0,,-33.98914333,151.23574,-33.9891433333 151.23574,0,-97.86954
317,2013-12-15T08:40:03+0100,3056,B00000329_21I5AW_20131215_084003,https://googledrive.com/host/0ByZPttHNHiZ0TEFsZlY1UW4zUmM/g2_a4_sml_317.jpg,g2_a4_sml_317.jpg,G2_4.jpg,4,1,4014,2,1,0.233,-0.881,-0.473,0.074,-0.26,-0.222,57928,58390,35852,65535,23.4,2,-33.9891,151.23574,-33.98910 151.23574,0,90,0.46,3.69,26.1,0.8,10.47,1.66,1,1.25,1.406,1,1.281,113.14,-105.2,295.51,0,,-33.9891,151.2357433,-33.9891 151.235743333,90,-95.7702
334,2013-12-15T08:42:40+0100,3213,B00000346_21I5AW_20131215_084240,https://googledrive.com/host/0ByZPttHNHiZ0TEFsZlY1UW4zUmM/g2_a4_sml_334.jpg,g2_a4_sml_334.jpg,G2_4.jpg,4,1,4014,2,1,0.359,-0.824,-0.477,-0.068,-0.347,-0.147,65535,65535,51424,65535,21.5,2,-33.98913,151.2358,-33.98913 151.23580,0,22,0.3,2.41,29.3,0.5,11.68,1.78,2,1.25,1.313,1,1.5,115.83,-67.83,272.93,0,,-33.98912667,151.2358267,-33.9891266667 151.235826667,106,-95.7702
353,2013-12-15T08:45:35+0100,3388,B00000365_21I5AW_20131215_084535,https://googledrive.com/host/0ByZPttHNHiZ0TEFsZlY1UW4zUmM/g2_a4_sml_353.jpg,g2_a4_sml_353.jpg,G2_4.jpg,4,1,4014,2,1,-0.27,-0.852,-0.492,-0.309,-0.267,-0.129,43843,44792,28300,65535,23.9,2,-33.98911,151.23589,-33.98911 151.23589,0,320,0.16,1.45,29,0.2,11.43,1.81,4,1.25,1.313,1,1.219,120.82,-96.85,287.48,0,,-33.98910667,151.2358733,-33.9891066667 151.235873333,320,-93.68655
397,2013-12-15T08:52:44+0100,3817,B00000409_21I5AW_20131215_085244,https://googledrive.com/host/0ByZPttHNHiZ0TEFsZlY1UW4zUmM/g2_a4_sml_397.jpg,g2_a4_sml_397.jpg,G2_4.jpg,4,1,4014,2,1,0.102,-0.929,-0.343,-0.154,-0.311,-0.192,13436,14078,9747,29689,23.9,2,-33.98903,151.23585,-33.98903 151.23585,0,317,1.51,13.61,27.6,0.3,13.91,1.57,21,1.31,1.75,1.031,1,110.87,-88.51,286.96,0,,-33.98902,151.23581,-33.98902 151.23581,317,-92.65062
417,2013-12-15T08:55:47+0100,4000,B00000429_21I5AW_20131215_085546,https://googledrive.com/host/0ByZPttHNHiZ0TEFsZlY1UW4zUmM/g2_a4_sml_417.jpg,g2_a4_sml_417.jpg,G2_4.jpg,4,1,4014,2,1,-0.135,-1.013,-0.1,-0.041,-0.355,-0.149,65535,65535,64103,65535,23.9,2,-33.98909,151.23576,-33.98909 151.23576,0,226,0.58,6.41,26.9,0.4,14.66,1.77,1,1.25,1.5,1,1.188,99.272,-86.17,312.52,0,,-33.98911,151.23576,-33.98911 151.23576,238,-96.81791
